Title,abstract
Watch: Storm chasers fly inside the eye of Hurricane Melissa,"Footage taken by a US Air Force Reserve crew known as the ""Hurricane Hunters"" shows the category five storm intensifying in the Caribbean."
"Skip short strolls – a longer daily walk is better for your heart, says study","Walking for at least 15 minutes without stopping is ideal, according to new research."
Man pleads guilty to killing Japan's former PM Shinzo Abe,"Footage taken by a US Air Force Reserve crew known as the ""Hurricane Hunters"" shows the category five storm intensifying in the Caribbean."
Sudan's army loses key city of el-Fasher to paramilitary RSF after 18-month siege,Donald Trump is in Japan and will fly to South Korea on Wednesday as part of a whirlwind tour of Asia.
Watch: Storm chasers fly inside the eye of Hurricane Melissa,The trio were at Andrew's mansion in 2006 as part of his daughter Beatrice's 18th birthday celebrations.
Trump praises troops and tariffs aboard US carrier in Japan,It sounds like something from a sci-fi film - but some scientists believe this clever new tech could help alleviate strains on the UK care system
"Prince Andrew hosted Epstein, Maxwell and Weinstein at Royal Lodge","Walking for at least 15 minutes without stopping is ideal, according to new research."
"These robots can clean, exercise - and care for you in old age. Would you trust them to?",Cameroon's Paul Biya has extended his 43-year rule by winning a heavily disputed election.
"Skip short strolls – a longer daily walk is better for your heart, says study","The relationship between Brendan Rodgers and Dermot Desmond at Celtic has splintered in unseemly and embarrassing fashion, writes Tom English."
Dutch volleyball player and convicted child rapist denied visa to compete in Australia,Cameroon's Paul Biya has extended his 43-year rule by winning a heavily disputed election.
ChatGPT shares data on how many users exhibit psychosis or suicidal thoughts,"The band are back together but say their early success was like being ""in fight or flight mode."""
"Countries not doing enough to keep rise in global temperatures under 1.5C, UN says","The agreements are a clear bid to reduce dependence on China, ahead of a key meeting with Xi Jinping."
Turing AI Institute boss denies accusations of 'toxic internal culture',"The relationship between Brendan Rodgers and Dermot Desmond at Celtic has splintered in unseemly and embarrassing fashion, writes Tom English."
Dodgers beat Blue Jays after six-and-a-half hours in World Series epic,Local media are showing images of the plane in flames on the ground with debris scattered at the crash site.
The 92-year-old president who never loses,Prince Andrew's links with Jeffrey Epstein have prompted calls for him to be removed from his mansion.
How irretrievable breakdown led to savage separation for Celtic and their manager,Local media are showing images of the plane in flames on the ground with debris scattered at the crash site.
How a Diwali cracker gun in India went from social media craze to blinding children,"New research shows that 40% of the time a phone displays the 5G symbol, it is actually using a 4G connection."
The South African start-up bringing tech to townships,"If confirmed, the cuts in Amazon's corporate ranks could mark the company's biggest layoffs in several years."
The 92-year-old president who never loses,Prince Andrew's links with Jeffrey Epstein have prompted calls for him to be removed from his mansion.
Boyband Five on their reunion: We are spectacularly lucky to get a second chance,"The relationship between Brendan Rodgers and Dermot Desmond at Celtic has splintered in unseemly and embarrassing fashion, writes Tom English."
China controls the rare earths the world buys - can Trump's new deals change that?,Henry Pollock and Noah Caluori are among BBC Sport's five players in the England squad aged 22 or under looking to break into Steve Borthwick's starting team.
How irretrievable breakdown led to savage separation for Celtic and their manager,"The relationship between Brendan Rodgers and Dermot Desmond at Celtic has splintered in unseemly and embarrassing fashion, writes Tom English."
Plane with 12 on board crashes near Kenya's coast,"Reaction as Brendan Rodgers leaves Celtic amid accusations of ""divisive, misleading, and self-serving"" behaviour."
Could one of these royal houses be Prince Andrew’s new home?,How a run-filled tour of Australia in 2002-03 put Michael Vaughan on the road to Ashes glory in 2005.
UK military sites to house asylum seekers in bid to end hotel use,Henry Pollock and Noah Caluori are among BBC Sport's five players in the England squad aged 22 or under looking to break into Steve Borthwick's starting team.
Watch: Storm chasers fly inside the eye of Hurricane Melissa,"Footage taken by a US Air Force Reserve crew known as the ""Hurricane Hunters"" shows the category five storm intensifying in the Caribbean."
"Skip short strolls – a longer daily walk is better for your heart, says study","Walking for at least 15 minutes without stopping is ideal, according to new research."
Man pleads guilty to killing Japan's former PM Shinzo Abe,"Footage taken by a US Air Force Reserve crew known as the ""Hurricane Hunters"" shows the category five storm intensifying in the Caribbean."
Sudan's army loses key city of el-Fasher to paramilitary RSF after 18-month siege,Donald Trump is in Japan and will fly to South Korea on Wednesday as part of a whirlwind tour of Asia.
Watch: Storm chasers fly inside the eye of Hurricane Melissa,The trio were at Andrew's mansion in 2006 as part of his daughter Beatrice's 18th birthday celebrations.
Trump praises troops and tariffs aboard US carrier in Japan,It sounds like something from a sci-fi film - but some scientists believe this clever new tech could help alleviate strains on the UK care system
"Prince Andrew hosted Epstein, Maxwell and Weinstein at Royal Lodge","Walking for at least 15 minutes without stopping is ideal, according to new research."
"These robots can clean, exercise - and care for you in old age. Would you trust them to?",Cameroon's Paul Biya has extended his 43-year rule by winning a heavily disputed election.
"Skip short strolls – a longer daily walk is better for your heart, says study","The relationship between Brendan Rodgers and Dermot Desmond at Celtic has splintered in unseemly and embarrassing fashion, writes Tom English."
Dutch volleyball player and convicted child rapist denied visa to compete in Australia,Cameroon's Paul Biya has extended his 43-year rule by winning a heavily disputed election.
ChatGPT shares data on how many users exhibit psychosis or suicidal thoughts,"The band are back together but say their early success was like being ""in fight or flight mode."""
"Countries not doing enough to keep rise in global temperatures under 1.5C, UN says","The agreements are a clear bid to reduce dependence on China, ahead of a key meeting with Xi Jinping."
Turing AI Institute boss denies accusations of 'toxic internal culture',"The relationship between Brendan Rodgers and Dermot Desmond at Celtic has splintered in unseemly and embarrassing fashion, writes Tom English."
Dodgers beat Blue Jays after six-and-a-half hours in World Series epic,Local media are showing images of the plane in flames on the ground with debris scattered at the crash site.
The 92-year-old president who never loses,Prince Andrew's links with Jeffrey Epstein have prompted calls for him to be removed from his mansion.
How irretrievable breakdown led to savage separation for Celtic and their manager,Local media are showing images of the plane in flames on the ground with debris scattered at the crash site.
How a Diwali cracker gun in India went from social media craze to blinding children,"New research shows that 40% of the time a phone displays the 5G symbol, it is actually using a 4G connection."
The South African start-up bringing tech to townships,"If confirmed, the cuts in Amazon's corporate ranks could mark the company's biggest layoffs in several years."
The 92-year-old president who never loses,Prince Andrew's links with Jeffrey Epstein have prompted calls for him to be removed from his mansion.
Boyband Five on their reunion: We are spectacularly lucky to get a second chance,"The relationship between Brendan Rodgers and Dermot Desmond at Celtic has splintered in unseemly and embarrassing fashion, writes Tom English."
China controls the rare earths the world buys - can Trump's new deals change that?,Henry Pollock and Noah Caluori are among BBC Sport's five players in the England squad aged 22 or under looking to break into Steve Borthwick's starting team.
How irretrievable breakdown led to savage separation for Celtic and their manager,"The relationship between Brendan Rodgers and Dermot Desmond at Celtic has splintered in unseemly and embarrassing fashion, writes Tom English."
Plane with 12 on board crashes near Kenya's coast,"Reaction as Brendan Rodgers leaves Celtic amid accusations of ""divisive, misleading, and self-serving"" behaviour."
Could one of these royal houses be Prince Andrew’s new home?,How a run-filled tour of Australia in 2002-03 put Michael Vaughan on the road to Ashes glory in 2005.
UK military sites to house asylum seekers in bid to end hotel use,Henry Pollock and Noah Caluori are among BBC Sport's five players in the England squad aged 22 or under looking to break into Steve Borthwick's starting team.
Watch: Storm chasers fly inside the eye of Hurricane Melissa,"Footage taken by a US Air Force Reserve crew known as the ""Hurricane Hunters"" shows the category five storm intensifying in the Caribbean."
"Skip short strolls – a longer daily walk is better for your heart, says study","Walking for at least 15 minutes without stopping is ideal, according to new research."
Man pleads guilty to killing Japan's former PM Shinzo Abe,"Footage taken by a US Air Force Reserve crew known as the ""Hurricane Hunters"" shows the category five storm intensifying in the Caribbean."
Sudan's army loses key city of el-Fasher to paramilitary RSF after 18-month siege,Donald Trump is in Japan and will fly to South Korea on Wednesday as part of a whirlwind tour of Asia.
Watch: Storm chasers fly inside the eye of Hurricane Melissa,The trio were at Andrew's mansion in 2006 as part of his daughter Beatrice's 18th birthday celebrations.
Trump praises troops and tariffs aboard US carrier in Japan,It sounds like something from a sci-fi film - but some scientists believe this clever new tech could help alleviate strains on the UK care system
"Prince Andrew hosted Epstein, Maxwell and Weinstein at Royal Lodge","Walking for at least 15 minutes without stopping is ideal, according to new research."
"These robots can clean, exercise - and care for you in old age. Would you trust them to?",Cameroon's Paul Biya has extended his 43-year rule by winning a heavily disputed election.
"Skip short strolls – a longer daily walk is better for your heart, says study","The relationship between Brendan Rodgers and Dermot Desmond at Celtic has splintered in unseemly and embarrassing fashion, writes Tom English."
Dutch volleyball player and convicted child rapist denied visa to compete in Australia,Cameroon's Paul Biya has extended his 43-year rule by winning a heavily disputed election.
ChatGPT shares data on how many users exhibit psychosis or suicidal thoughts,"The band are back together but say their early success was like being ""in fight or flight mode."""
"Countries not doing enough to keep rise in global temperatures under 1.5C, UN says","The agreements are a clear bid to reduce dependence on China, ahead of a key meeting with Xi Jinping."
Turing AI Institute boss denies accusations of 'toxic internal culture',"The relationship between Brendan Rodgers and Dermot Desmond at Celtic has splintered in unseemly and embarrassing fashion, writes Tom English."
Dodgers beat Blue Jays after six-and-a-half hours in World Series epic,Local media are showing images of the plane in flames on the ground with debris scattered at the crash site.
The 92-year-old president who never loses,Prince Andrew's links with Jeffrey Epstein have prompted calls for him to be removed from his mansion.
How irretrievable breakdown led to savage separation for Celtic and their manager,Local media are showing images of the plane in flames on the ground with debris scattered at the crash site.
How a Diwali cracker gun in India went from social media craze to blinding children,"New research shows that 40% of the time a phone displays the 5G symbol, it is actually using a 4G connection."
The South African start-up bringing tech to townships,"If confirmed, the cuts in Amazon's corporate ranks could mark the company's biggest layoffs in several years."
The 92-year-old president who never loses,Prince Andrew's links with Jeffrey Epstein have prompted calls for him to be removed from his mansion.
Boyband Five on their reunion: We are spectacularly lucky to get a second chance,"The relationship between Brendan Rodgers and Dermot Desmond at Celtic has splintered in unseemly and embarrassing fashion, writes Tom English."
China controls the rare earths the world buys - can Trump's new deals change that?,Henry Pollock and Noah Caluori are among BBC Sport's five players in the England squad aged 22 or under looking to break into Steve Borthwick's starting team.
How irretrievable breakdown led to savage separation for Celtic and their manager,"The relationship between Brendan Rodgers and Dermot Desmond at Celtic has splintered in unseemly and embarrassing fashion, writes Tom English."
Plane with 12 on board crashes near Kenya's coast,"Reaction as Brendan Rodgers leaves Celtic amid accusations of ""divisive, misleading, and self-serving"" behaviour."
Could one of these royal houses be Prince Andrew’s new home?,How a run-filled tour of Australia in 2002-03 put Michael Vaughan on the road to Ashes glory in 2005.
UK military sites to house asylum seekers in bid to end hotel use,Henry Pollock and Noah Caluori are among BBC Sport's five players in the England squad aged 22 or under looking to break into Steve Borthwick's starting team.
Watch: Storm chasers fly inside the eye of Hurricane Melissa,"Footage taken by a US Air Force Reserve crew known as the ""Hurricane Hunters"" shows the category five storm intensifying in the Caribbean."
"Skip short strolls – a longer daily walk is better for your heart, says study","Walking for at least 15 minutes without stopping is ideal, according to new research."
Man pleads guilty to killing Japan's former PM Shinzo Abe,"Footage taken by a US Air Force Reserve crew known as the ""Hurricane Hunters"" shows the category five storm intensifying in the Caribbean."
Sudan's army loses key city of el-Fasher to paramilitary RSF after 18-month siege,Donald Trump is in Japan and will fly to South Korea on Wednesday as part of a whirlwind tour of Asia.
Watch: Storm chasers fly inside the eye of Hurricane Melissa,The trio were at Andrew's mansion in 2006 as part of his daughter Beatrice's 18th birthday celebrations.
Trump praises troops and tariffs aboard US carrier in Japan,It sounds like something from a sci-fi film - but some scientists believe this clever new tech could help alleviate strains on the UK care system
"Prince Andrew hosted Epstein, Maxwell and Weinstein at Royal Lodge","Walking for at least 15 minutes without stopping is ideal, according to new research."
"These robots can clean, exercise - and care for you in old age. Would you trust them to?",Cameroon's Paul Biya has extended his 43-year rule by winning a heavily disputed election.
"Skip short strolls – a longer daily walk is better for your heart, says study","The relationship between Brendan Rodgers and Dermot Desmond at Celtic has splintered in unseemly and embarrassing fashion, writes Tom English."
Dutch volleyball player and convicted child rapist denied visa to compete in Australia,Cameroon's Paul Biya has extended his 43-year rule by winning a heavily disputed election.
ChatGPT shares data on how many users exhibit psychosis or suicidal thoughts,"The band are back together but say their early success was like being ""in fight or flight mode."""
"Countries not doing enough to keep rise in global temperatures under 1.5C, UN says","The agreements are a clear bid to reduce dependence on China, ahead of a key meeting with Xi Jinping."
Turing AI Institute boss denies accusations of 'toxic internal culture',"The relationship between Brendan Rodgers and Dermot Desmond at Celtic has splintered in unseemly and embarrassing fashion, writes Tom English."
Dodgers beat Blue Jays after six-and-a-half hours in World Series epic,Local media are showing images of the plane in flames on the ground with debris scattered at the crash site.
The 92-year-old president who never loses,Prince Andrew's links with Jeffrey Epstein have prompted calls for him to be removed from his mansion.
How irretrievable breakdown led to savage separation for Celtic and their manager,Local media are showing images of the plane in flames on the ground with debris scattered at the crash site.
How a Diwali cracker gun in India went from social media craze to blinding children,"New research shows that 40% of the time a phone displays the 5G symbol, it is actually using a 4G connection."
The South African start-up bringing tech to townships,"If confirmed, the cuts in Amazon's corporate ranks could mark the company's biggest layoffs in several years."
The 92-year-old president who never loses,Prince Andrew's links with Jeffrey Epstein have prompted calls for him to be removed from his mansion.
Boyband Five on their reunion: We are spectacularly lucky to get a second chance,"The relationship between Brendan Rodgers and Dermot Desmond at Celtic has splintered in unseemly and embarrassing fashion, writes Tom English."
China controls the rare earths the world buys - can Trump's new deals change that?,Henry Pollock and Noah Caluori are among BBC Sport's five players in the England squad aged 22 or under looking to break into Steve Borthwick's starting team.
How irretrievable breakdown led to savage separation for Celtic and their manager,"The relationship between Brendan Rodgers and Dermot Desmond at Celtic has splintered in unseemly and embarrassing fashion, writes Tom English."
Plane with 12 on board crashes near Kenya's coast,"Reaction as Brendan Rodgers leaves Celtic amid accusations of ""divisive, misleading, and self-serving"" behaviour."
Could one of these royal houses be Prince Andrew’s new home?,How a run-filled tour of Australia in 2002-03 put Michael Vaughan on the road to Ashes glory in 2005.
UK military sites to house asylum seekers in bid to end hotel use,Henry Pollock and Noah Caluori are among BBC Sport's five players in the England squad aged 22 or under looking to break into Steve Borthwick's starting team.
